Product,2025-11-30
Coca Cola Regular 24 X 330 Ml Pack - Membership,
Coca Cola Regular 24 X 330 Ml Pack - Regular,
Ferrero Raffaello Coconut & Almond Pralines 230G - Membership,5.25
Ferrero Raffaello Coconut & Almond Pralines 230G - Regular,6.50
Nestlé Cheerios Honey Cereal 575g - Membership,
Nestlé Cheerios Honey Cereal 575g - Regular,2.50
Oreo White Chocolate Covered Cookies 246G - Membership,
Oreo White Chocolate Covered Cookies 246G - Regular,2.00
"Tunnocks Milk Chocolate Caramel Wafer Biscuits Multipack, 240g - Membership",
"Tunnocks Milk Chocolate Caramel Wafer Biscuits Multipack, 240g - Regular",2.10
